12/2/2024 18:53:29,	0x0Fea478e2B87820662c3b564B517c69483E64da8
12/2/2024 18:53:48,	0x33768a3a7A8539FEF534f4C4fF0FBBb1C8122643
12/2/2024 18:54:11,	0x17542889f48d43e97e70bc439d6a130c7ed5183c
12/2/2024 18:54:14,	0x017F73D42e45320e12F164e8d1B109Df18c4056a
12/2/2024 18:54:56,	0xbf898ea0a5AC0c6CecaADC72690805cEaaDD5DC1
12/2/2024 18:55:05,	0x592D299899fBb98F30A8da8a890fA3C6Cbce20B7
12/2/2024 18:55:09,	0x00D69EAf25a939a2E8db6238C9ea055ca9633571
12/2/2024 18:55:36,	0x7Cb6f407BeaE89BBF540693a5bd3b8DD38793699
12/2/2024 18:55:58,	0x5f72A70d0C8Ca5E86A55802D50aAe09b97408EF2
12/2/2024 18:57:30,	0xffab53f30e1a18d53f513e56f1b9b061e7ecb2ba
12/2/2024 18:58:05,	0x94d490aD18943e81D4B2398F98d54ADE55b1ffc0
12/2/2024 18:58:21,	0x7CB414C6230CD0e460C1674cF0253349259D6e02
12/2/2024 19:00:29,	0x60c72745bda5e3c0577bed09032d28cd39445d75
12/2/2024 19:06:39,	0x3e2f18E12fa3DE657CE80e603eBD120443D77523
12/2/2024 19:06:46,	0xA39d4Ce10e6B586Fe58374C063CA4c777F1a7B7B
12/2/2024 19:10:39,	0x3E7D5EF4C7f4593f1F726C75b1b089520A82edd8
12/2/2024 19:16:22,	0x96B25Ea338984F300e3A0F3590d206a9FA2CE2FA
12/2/2024 19:17:30,	0xa3499200f4273BA1cC66AFbf32620dD6D23Fa3e5
12/2/2024 19:18:16,	0x62C4DB89876778dB9372ce412F0D5688AF144348
12/2/2024 19:21:56,	0x411d209E4874E00Dd550de43190224515b28fAFe
12/2/2024 19:22:28,	0xe4a8840ba281865797cfaf7Bcfc0876771285643
12/2/2024 19:29:33,	0x5d8Ff5D3FdbdB093B4c77d454452aa91592001D8
12/2/2024 19:30:26,	0x5c74d0E217c223cd7e89bFE51433f1bFB82Cb335
12/2/2024 19:33:14,	0x1674B5432f45ac1Ab518C63566458B6024d73405
12/2/2024 19:39:30,	0xbAC8464b2041537FE4Dd2d38f8C08B2851dEe708
12/2/2024 19:41:11,	0xF3E7CFf1EEbc2d0A59ccd14cd6c7549A04E9eA58
12/2/2024 19:45:25,	0x4F60f5148283c0b05cF6D2a16676E3cAbc36e62c
12/2/2024 19:47:35,	0x67F64a6050F4D6f234319829Bf91aFeB51A1D763
12/2/2024 19:53:32,	0x0DDbDDcED40b0B154f48D5fFf7259929d8A798a0
12/2/2024 20:11:51,	0x39E9b572a2042139C6D8a27C92F892b1d22C1214
12/2/2024 20:14:14,	0xe55ecbb4ac3861e748ea20bfbff2d445c9c00fba
12/2/2024 20:20:55,	0xCA034d4438719391b5e7589242a36Ec535eD6836
12/2/2024 20:21:52,	0x556940Aa64A03686Ef9E1c71F50F4096D86176E0
12/2/2024 20:25:08,	0xee0F30D80cB958d87B4bC622Bff3Eb24E2d6eddf
12/2/2024 20:40:24,	0x243031DC0bD65De1B56623bebD20f3C4D66Df8e3
12/2/2024 20:51:04,	0xc0a3C6BDA6209B4A69FCc4960c1B470221fa0434
12/2/2024 20:56:40,	0x1D48F5C6a1C5c50226dC0d7EfC16C1A46aDB2F14
12/2/2024 21:28:49,	0xBB5d6530409FcD0A3526E4C73DC8966c73ff2ACF
12/2/2024 21:51:42,	0x5C75cF84041499Ee4Ab0E5584bBE34EE98399A03
12/2/2024 22:00:39,	0xbbfE82628E3c2bc5a7ACEDB2FF9C563FAC2600C4
12/2/2024 22:41:47,	0x52095487ddec0150A7F7ac8Ed96c9B6f3dD59033
12/2/2024 22:44:29,	0x8Ea62d5b6Ae7C4C1f15a33a852881b272674cFB2
12/2/2024 23:04:00,	0x896b2797442e7066f2e46959a0B32398999fCC0d
12/2/2024 23:47:06,	0x46cf78167f529e6447ab2c2d321fe2efbbf279b2
12/2/2024 23:54:15,	0x191c21763e4e9221BDF469322A25Adf3523cE895
12/2/2024 23:55:11,	0x5E41F23FA26d448BbF957392Efc9AB0EeCe73b30
12/2/2024 23:57:18,	0xe60cebb00b9906a444035d30c22138554c8ab1c0
12/3/2024 0:32:46,	0x68292357E9b0B35E08861CcDb53290BDB92999C5
12/3/2024 1:22:09,	0x2435340CC2B4Be9Fa4016fAdAA9e8486C8C2678c
12/3/2024 1:23:30,	0x3a059ca2b7cef069f021005e4713dfbeb91c5906
12/3/2024 1:25:01,	0x7A19C1948DF3153Aed47DA5A3606A531d775B8cd
12/3/2024 1:53:45,	0x0e893d9769c3210C73843230dd250eecBC8fA302
12/3/2024 1:56:29,	0x01D9799410061CCc2daB6b1ED11700C23Ee17b3B
12/3/2024 2:12:02,	0x1e56Bff5Ea6643985008521650Df481132aAD5Ad
12/3/2024 2:15:48,	0x1e56Bff5Ea6643985008521650Df481132aAD5Ad
12/3/2024 3:26:27,	0x1cacab46201ec798d92B5A80B5a89E74559fb03B
12/3/2024 4:30:44,	0xe60cebb00b9906a444035d30c22138554c8ab1c0
12/3/2024 10:15:09,	0x7eD6Ed28233d19470B4B4af3D37605B7642Ce808